MUNICIPI,PROVÍNCIA,COMARCA,N HABITANTS,ÌNDEX ENVELLIMENT POBLACIÓ (2021),POBLACIÓ TURÍSTICA,PARTIT GOVERNANT EN 2022-23,PARTIT GOVERNANT 2023-24,"Subvenció normalització
 de l'us del valencià 
per part de la Generalitat (2022)",LLENGUA PREDOMINANT,Regidoria Cultura 2022,Regidoria Cultura 2023
Picanya,València,Horta Sud,11692,"109,90",,PSOE,PSOE,,Valencià,COMPROMÍS,-
Chiva,València,Foia de Bunyol,15769,"92,90",,COMPROMÍS,PP,,castellà,COMPROMÍS,ACTIVA CHIVA
Xàbia,Alacant,La Marina Alta,27983,"158,00",,PSOE,PP,,Valencià,PSOE,C's
Alberic,València,Ribera Alta,10571,"108,10",,CA,CA,,Valencià,CA,CA
Nules,Castelló,Plana Baixa,13256,"119,00",,CeN,CeN,,Valencià,CeN,CeN
Alboraia,València,Horta Nord,24904,"96,50",,PSOE,PSOE,"25.869,20€",Valencià,PSOE,COMPROMÍS
Aldaia,València,Horta Sud,32313,"86,20",,PSOE,PSOE,"26.411,66€",Valencià,PSOE,COMPROMÍS
Altea,Alacant,La Marina Baixa,22657,"154,00",Sí,COMPROMÍS,COMPROMÍS,"6.101,59€",Valencià,COMPROMÍS,COMPROMÍS
Alzira,València,Ribera Alta,44865,"117,20",,COMPROMÍS,COMPROMÍS,"37.260,69€",Valencià,COMPROMÍS,COMPROMÍS
Banyeres de Mariola,Alacant,L'Alcoià,7113,"138,40",,COMPROMÍS,COMPROMÍS,"5.314,75€",Valencià,COMPROMÍS,COMPROMÍS
Cocentaina,Alacant,El Comtat,11451,"148,60",,PSOE,PSOE + COMPROMÍS,"25.326,75€",Valencià,PSOE,COMPROMÍS
Llíria,València,Camp de Túria,23648,"117,30",,COMPROMÍS,COMPROMÍS,,Valencià,PSOE,COMPROMÍS
Manises,València,Horta Sud,31287,"109,60",,COMPROMÍS,PSOE,,Valencià,COMPROMÍS,COMPROMÍS
Ondara,Alacant,La Marina Alta,7080,"116,10",,PSOE,PSOE,"1.331,74€",Valencià,PSOE,COMPROMÍS
Pedreguer,Alacant,La Marina Alta,8006,"156,70",,COMPROMÍS,COMPROMÍS,"1.140,00€",Valencià,COMPROMÍS,COMPROMÍS
Tavernes de la Valldigna,València,Safor,17162,"141,20",,COMPROMÍS,PSOE,"25.597,98€",Valencià,COMPROMÍS,COMPROMÍS
"Vall d'Uixó, la",Castelló,Plana Baixa,31549,"132,70",,PSOE,PSOE,"6.849,91€",Valencià,PSOE,COMPROMÍS
Catarroja,València,Horta Sud,28509,"87,50",,COMPROMÍS,PSOE,"35.904,56€",Valencià,COMPROMÍS,COMPROMÍS
Foios,València,Horta Nord,7502,"105,40",,COMPROMÍS,COMPROMÍS,"3.462,50€",Valencià,PSOE,COMPROMÍS
Ontinyent,València,Vall d'Albaida,35946,"125,90",,ENS UNEIX,ENS UNEIX,"2.336,65€",Valencià,ENS UNEIX,ENS UNEIX
Sagunt,València,Camp de Morvedre,65669,,,PSOE,PSOE,,Valencià,COMPROMÍS,EU
Xàtiva,València,Costera,29459,"122,80",,PSOE,PSOE,"28.310,24€",Valencià,PSOE,EU
Asp,Alacant,El Vinalopó Mitjà,21088,"98,00",,EUPV,EUPV,,castellà,EUPV,EUPV
Cheste,València,Foia de Bunyol,8871,"123,80",,PSOE,PSOE,,castellà,EUPV,EUPV
Bétera,València,Camp de Túria,25423,"79,10",,PP,,,Valencià,MC-TC,MC-TC
Alacant,Alacant,L'Alacantí,337304,"125,90",Sí,PP,PP,,Valencià,PP,PP
Albatera,Alacant,El Baix Segura,12714,"79,20",,PP,PP,,Castellà,PP,PP
Alcalà de Xivert,Castelló,Baix Maestrat,6691,"138,40",Sí,PP,PP,,Valencià,PP,PP
Alcàsser,València,Horta Sud,10266,"92,90",,PSOE,PP,"6.920,88€",Valencià,PSOE,PP
Algemesí,València,Ribera Alta,27305,"105,40",,PSOE,PP-VOX,"28.581,46€",Valencià,EU,PP
Almàssera,València,Horta Nord,7433,"79,00",,PSOE,PP,,Valencià,PP,PP
Almassora,Castelló,Plana Alta,26878,"79,00",,PSOE,PP,"26.140,43€",Valencià,CS,PP
Almoradí,Alacant,El Baix Segura,21404,"78,30",,PP,PP,,castellà,PP,PP
Benicarló,Castelló,Baix Maestrat,27658,"112,70",,PSOE,PP,"26.411,66€",Valencià,PSOE,PP
Benicàssim,Castelló,Plana Alta,18991,"117,20",Sí,PP,PP,"7.569,71€",Valencià,PP,PP
Benidorm,Alacant,La Marina Baixa,69118,"168,50",Sí,PP,PP,,Valencià,PP,PP
Benissa,Alacant,La Marina Alta,11462,"182,10",,PP,PP,"21.800,82€",Valencià,PP,PP
Bigastro,Alacant,El Baix Segura,6994,"89,60",,PP,PP,,castellà,PP,PP
Borriana,Castelló,Plana Baixa,34903,"107,50",,PSOE,PP,"12.216,75€",Valencià,COMPROMÍS,PP
Bunyol,València,Foia de Bunyol,9438,"150,60",,PSOE,PP,,castellà,PSOE,PP
Callosa d'en Sarrià,Alacant,La Marina Baixa,7589,"119,10",,PP,PP,"27.767,78€",Valencià,PP,PP
Callosa de Segura,Alacant,El Baix Segura,19273,"81,70",,PP,PP,,castellà,PP,PP
"Campello, el",Alacant,L'Alacantí,29013,"145,20",Sí,PP,PP,,Valencià,PP,PP
Carcaixent,València,Ribera Alta,20494,"123,30",,COMPROMÍS,PP,,Valencià,PSOE,PP
Carlet,València,Ribera Alta,15851,"110,40",,PSOE,PP,"27.225,34€",Valencià,COMPROMÍS,PP
Castalla,Alacant,L'Alcoià,10752,"123,30",,CS,PP,,Valencià,CS,PP
Castelló de la Plana,Castelló,Plana Alta,172589,"123,50",Sí,PSOE,PP,"41.600,30€",Valencià,COMPROMÍS,PP
Catral,Alacant,El Baix Segura,8880,"110,70",,APCATRAL,PP,,castellà,APC,PP
Cox,Alacant,El Baix Segura,7427,"83,30",,PP,PP,,castellà,PP,PP
Crevillent,Alacant,El Baix Vinalopó,29717,"97,60",,COMPROMÍS,PP,"13.064,23€",Valencià,COMPROMÍS,PP
Elx,Alacant,El Baix Vinalopó,234205,"107,60",,PSOE,PP,"42.956,43€",Valencià,PSOE,PP
Finestrat,Alacant,La Marina Baixa,7402,"93,30",Sí,PP,PP,"26.411,66€",Valencià,PP,PP
Godella,València,Horta Nord,13027,"125,50",,PSOE,PP,,Valencià,COMPROMÍS,PP
Meliana,València,Horta Nord,10926,"109,20",,COMPROMÍS,PP,"6.501,99€",Valencià,PSOE,PP
Moncofa,Castelló,Plana Baixa,6958,"130,50",,PP,PP,"25.597,98€",Valencià,PP,PP
Mutxamel,Alacant,L'Alacantí,25679,"87,80",,PP,PP,"9.699,12€",Valencià,PSOE,PP
Nàquera,València,Camp de Túria,7301,"68,00",,UPdN,vox,,Valencià,UPdN,PP
"Nucia, la",Alacant,La Marina Baixa,18108,"96,70",,PP,PP,,Valencià,PP,PP
"Olleria, l'",València,Vall d'Albaida,8404,"130,60",,PP,PP,"2.796,66€",Valencià,PP,PP
Onda,Castelló,Plana Baixa,24939,"99,60",,PP,PP,"36.175,79€",Valencià,PP,PP
Onil,Alacant,L'Alcoià,7569,"133,30",,PSOE,PP,,Valencià,PSOE,PP
Peníscola,Castelló,Baix Maestrat,7882,"156,50",Sí,PP,PP,,Valencià,PP,PP
Pilar de la Horadada,Alacant,El Baix Segura,22597,"128,60",,PP,PP,,castellà,pp,PP
"Pobla de Vallbona, la",València,Camp de Túria,25275,"64,60",,COMPROMÍS,PP,"28.310,24€",Valencià,COMPROMÍS,PP
Puçol,València,Horta Nord,19975,"104,60",Sí,PP,PP,"3.511,29€",Valencià,PP,PP
Rafelbunyol,València,Horta Nord,9351,"85,40",,PSOE,PP,,Valencià,PSOE,PP
Rocafort,València,Horta Nord,7445,"74,20",,PSOE,PP,"896,63€",Valencià,PSOE,PP
San Fulgencio,Alacant,El Baix Segura,8447,"453,50",,PSOE,PP,,castellà,PSOE,PP
Sant Joan d'Alacant,Alacant,L'Alacantí,24363,"112,60",,PSOE,PP,,Valencià,PP,PP
Sant Vicent del Raspeig,Alacant,L'Alacantí,58912,"89,90",,PSOE,PP,,Valencià,EUPV,PP
Santa Pola,Alacant,El Baix Vinalopó,34148,"116,90",Sí,PP,PP,"29.395,14€",Valencià,PP,PP
Sogorb,Castelló,Alt Palancia,9139,"150,20",,PP,PP,,castellà,PP,PP
Tavernes Blanques,València,Horta Nord,9205,"130,10",,PSOE,PP,,Valencià,PSOE,PP
Teulada,Alacant,La Marina Alta,11466,"235,80",,PP,PP,,Valencià,PSOE,PP
Torrent,València,Horta Sud,84025,"92,20",,PSOE,PP,,Valencià,PSOE,PP
Torrevieja,Alacant,El Baix Segura,82842,"163,30",,PP,PP,,castellà,PP,PP
"Vila Joiosa, la",Alacant,La Marina Baixa,34684,"122,40",,PSOE,PP,"35.090,88€",Valencià,PSOE,PP
Canals,València,Costera,13257,"134,50",,COMPROMÍS,PP,,Valencià,COMPROMÍS,PP
Oliva,València,Safor,25119,"139,70",,COMPROMÍS,PROJECTE OLIVA,"25.055,53€",Valencià,COMPROMÍS,PROJECTE OLIVA
Alginet,València,Ribera Alta,13942,"105,10",,PSd'A,PP,"20.173,46€",Valencià,PSd'A,PSd'A
Alaquàs,València,Horta Sud,29649,"125,90",,PSOE,PSOE,"21.258,36€",Valencià,PSOE,PSOE
Alcoi,Alacant,L'Alcoià,59128,"147,90",,PSOE,PSOE,"27.767,78€",Valencià,PSOE,PSOE
"Alcora, l'",Castelló,Alcalatén,10428,"125,30",,PSOE,PSOE,,Valencià,PSOE,PSOE
"Alcúdia, l'",València,Ribera Alta,12193,"106,30",,PSOE,PSOE,"19.902,24€",Valencià,PSOE,PSOE
"Alfàs del Pi, l'",Alacant,La Marina Baixa,20495,"201,70",,PSOE,PSOE,,Valencià,PSOE,PSOE
Almussafes,València,Ribera Baixa,8984,"102,00",,PSOE,PSOE,,Valencià,PSOE,PSOE
Benetússer,València,Horta Sud,15430,"129,50",,PSOE,PSOE,,Valencià,PSOE,PSOE
Benifaió,València,Ribera Alta,11967,"144,50",,PSOE,PSOE,,Valencià,PSOE,PSOE
Burjassot,València,Horta Nord,38712,"118,40",,PSOE,PSOE,"37.260,69€",Valencià,PSOE,PSOE
Calp,Alacant,La Marina Alta,23530,"173,50",Sí,PP,SOM CALP,,Valencià,PP,PSOE
Cullera,València,Ribera Baixa,22708,"161,40",Sí,PSOE,PSOE,,Valencià,PSOE,PSOE
Dénia,Alacant,La Marina Alta,42953,"134,30",Sí,PSOE,PSOE,"38.888,04€",Valencià,PSOE,PSOE
Dolores,Alacant,El Baix Segura,7620,"104,80",,PSOE,PSOE,,castellà,EUPV,PSOE
Elda,Alacant,El Vinalopó Mitjà,52551,"149,10",,PSOE,PSOE,,castellà,PSOE,PSOE
"Eliana, l´",València,Camp de Túria,18302,"125,40",,PSOE,PSOE,"6.446,97€",Valencià,PSOE,PSOE
Gandia,València,Safor,75970,"117,20",Sí,PSOE,PSOE,,Valencià,PSOE,PSOE
Guardamar del Segura,Alacant,El Baix Segura,15983,"166,40",,PSOE,PSOE,,Valencià,PSOE,PSOE
Novelda,Alacant,El Vinalopó Mitjà,25611,"124,00",,PSOE,PSOE,"28.581,46€",Valencià,PSOE,PSOE
Paterna,València,Horta Nord,71361,"73,20",,PSOE,PSOE,"3.568,86€",Valencià,PSOE,PSOE
Pego,Alacant,La Marina Alta,10240,"199,80",,PSOE,PSOE,,Valencià,PSOE,PSOE
Petrer,Alacant,El Vinalopó Mitjà,34009,"104,20",,PSOE,PSOE,"22.072,04€",Valencià,PSOE,PSOE
Picassent,València,Horta Sud,21487,"98,70",,PSOE,PSOE,"23.699,39€",Valencià,PSOE,PSOE
"Puig de Santa Maria, el",València,Horta Nord,8737,"137,80",,PSOE,COMPROMÍS,"21.550,61€",Valencià,PSOE,PSOE
Quart de Poblet,València,Horta Sud,25035,"155,60",,PSOE,PSOE,"25.597,98€",Valencià,PSOE,PSOE
Riba-roja del Túria,València,Camp de Túria,22799,"77,30",,PSOE,PSOE,,Valencià,PSOE,PSOE
Rojales,Alacant,El Baix Segura,15978,"367,90",,PSOE,PSOE,,castellà,PSOE,PSOE
Sax,Alacant,L'Alt Vinalopó,9935,"117,80",,PP,PSOE,,castellà,PP,PSOE
Silla,València,Horta Sud,19211,"116,40",,PSOE,PSOE,"30.751,27€",Valencià,PSOE,PSOE
Sueca,València,Ribera Baixa,27617,"141,50",,PSOE,PSOE,"34.819,66€",Valencià,PSOE,PSOE
Torís,València,Ribera Alta,6910,"118,40",,PSOE,PSOE,,Valencià,PSOE,PSOE
Vila-real,Castelló,Plana Baixa,51130,"97,60",,PSOE,PSOE,"40.244,17€",Valencià,PSOE,PSOE
Villena,Alacant,L'Alt Vinalopó,34025,"116,20",,PSOE,PSOE,,castellà,PSOE,PSOE
Vinaròs,Castelló,Baix Maestrat,28862,"126,30",,PSOE,PSOE,"35.633,33€",Valencià,PSOE,PSOE
Xixona,Alacant,L'Alacantí,6861,"159,70",,PSOE,PSOE,,Valencià,PSOE,PSOE
Mislata,València,Horta Sud,44320,"130,80",,PSOE,PSOE,"26.954,10€",Valencià,PSOE,PSOE
Monòver,Alacant,El Vinalopó Mitjà,12188,"147,70",,PSOE,PSOE,,Valencià,PSOE,PSOE
Massamagrell,València,Horta Nord,16132,"107,30",,PSOE,PP,"28.581,46€",Valencià,PSOE,VOX
Orihuela,Alacant,El Baix Segura,78940,"158,80",,PSOE,PP,,castellà,EUPV,VOX
Xirivella,València,Horta Sud,30208,"117,30",,PSOE,PP,"28.039,01€",Valencià,PSOE,VOX
Albal,València,Horta Sud,16646,"74,90",,PSOE,PP,"15.020,18€",Valencià,COMPROMÍS,
Alfafar,València,Horta Sud,21415,"121,40",,PP,PP,"18.274,89€",Valencià,PP,PP
Benaguasil,València,Camp de Túria,11369,"125,10",,PP,PP,"1.864,43€",Valencià,PP,PP
Ibi,Alacant,L'Alcoià,23652,"130,80",,PP,PSOE,,Valencià,PP,
Monforte del Cid,Alacant,El Vinalopó Mitjà,8500,"77,50",,EUPV,EUPV,,castellà,COMPROMÍS,EUPV
Montcada,València,Horta Nord,21875,"130,20",,PSOE,PSOE,"24.513,07€",Valencià,PSOE,PSOE
Montserrat,València,Ribera Alta,8655,"70,80",,PSOE,PP,"26.140,43€",Valencià,PSOE,VOX
Muro d'Alcoi,Alacant,El Comtat,9326,"103,60",,PP,COMPROMÍS,"24.513,07€",Valencià,EL PI,
Orpesa,Castelló,Plana Alta,9755,"113,90",Sí,CS,PP + VOX + CS,,Valencià,PSOE,
Paiporta,València,Horta Sud,26401,"83,60",,PSOE,PSOE,"21.800,82€",Valencià,PSOE,PSOE
Pinós,Alacant,El Vinalopó Mitjà,8142,"123,90",,PSOE,PSOE,,Valencià,PSOE,PSOE
"Pobla de Farnals, la",València,Horta Nord,8205,"111,30",,PSOE,PSOE,"6.333,04€",Valencià,PSOE,PSOE
Redován,Alacant,El Baix Segura,8058,"83,00",,PP,PP,,castellà,PP,PP
Requena,València,Plana d'Utiel-Requena,20235,"140,60",,PSOE,PP,,castellà,PSOE,PP
Sant Antoni de Benaixeve,València,Camp de Túria,9501,"49,30",,PSOE,UCIN,,Valencià,AGRUPACIÓ INDEPENDENT ,VOX
Sedaví,València,Horta Sud,10344,"125,30",,PSOE,PSOE,"3.021,05€",Valencià,PSOE,PSOE
Utiel,València,Plana d'Utiel-Requena,11478,"177,00",,PSOE,PP,,castellà,PSOE,PP
València,València,València,789744,"153,80",Sí,COMPROMÍS,,"45.668,66€",Valencià,PSOE,
Vilamarxant,València,Camp de Túria,10097,"107,50",,CS,PP,,Valencià,PP,PP